Workbook

Sheet Merchants
A1: merchant_id | B1: merchant_name | C1: category | D1: region
A2: 1 | B2: Merchant_001 | C2: ecommerce | D2: South
A3: 2 | B3: Merchant_002 | C3: grocery | D3: West
A4: 3 | B4: Merchant_003 | C4: grocery | D4: East
A5: 4 | B5: Merchant_004 | C5: ecommerce | D5: East
A6: 5 | B6: Merchant_005 | C6: recharge | D6: South
A7: 6 | B7: Merchant_006 | C7: food_delivery | D7: South
A8: 7 | B8: Merchant_007 | C8: food_delivery | D8: East
A9: 8 | B9: Merchant_008 | C9: food_delivery | D9: North
A10: 9 | B10: Merchant_009 | C10: ecommerce | D10: North
A11: 10 | B11: Merchant_010 | C11: grocery | D11: West
A12: 11 | B12: Merchant_011 | C12: ecommerce | D12: North
A13: 12 | B13: Merchant_012 | C13: ecommerce | D13: East
... A41: 40 | B41: Merchant_040 | C41: entertainment | D41: South

Sheet Fee_Tiers
A1: Payment Method | B1: UPI | C1: Wallet | D1: Card | E1: Netbanking
A2: MDR Rate | B2: 0 | C2: 0.015 | D2: 0.02 | E2: 0.012

Sheet Transactions_View
A1: transaction_id | B1: user_id | C1: merchant_id | D1: transaction_time | E1: amount_inr | F1: payment_method | G1: status | H1: risk_score | I1: merchant_name | J1: category | K1: region | L1: mdr_rate | M1: high_value_merchant_day
A2: TXN100000 | B2: 350 | C2: 16 | D2: 2026-01-29 11:13:00 | E2: 2999 | F2: Wallet | G2: captured | H2: 85 | I2: =IFERROR(VLOOKUP(C2, Merchants!$A$2:$D$41, 2, FALSE), "Merchant not found") | J2: =IFERROR(VLOOKUP(C2, Merchants!$A$2:$D$41, 3, FALSE), "Merchant not found") | K2: =IFERROR(VLOOKUP(C2, Merchants!$A$2:$D$41, 4, FALSE), "Merchant not found") | L2: =HLOOKUP(F2, Fee_Tiers!$B$1:$E$2, 2, FALSE) | M2: =IF(AND(E2>5000, K2<>">East"), "High-Value Merchant Day", "Standard")
A3: TXN100001 | B3: 287 | C3: 27 | D3: 2026-01-04 11:49:00 | E3: 49 | F3: UPI | G3: captured | H3: 79 | I3: =IFERROR(VLOOKUP(C3, Merchants!$A$2:$D$41, 2, FALSE), "Merchant not found") | J3: =IFERROR(VLOOKUP(C3, Merchants!$A$2:$D$41, 3, FALSE), "Merchant not found") | K3: =IFERROR(VLOOKUP(C3, Merchants!$A$2:$D$41, 4, FALSE), "Merchant not found") | L3: =HLOOKUP(F3, Fee_Tiers!$B$1:$E$2, 2, FALSE) | M3: =IF(AND(E3>5000, K3<>">East"), "High-Value Merchant Day", "Standard")
A4: TXN100002 | B4: 122 | C4: 11 | D4: 2026-01-24 04:59:00 | E4: 1499 | F4: Wallet | G4: captured | H4: 22 | I4: =IFERROR(VLOOKUP(C4, Merchants!$A$2:$D$41, 2, FALSE), "Merchant not found") | J4: =IFERROR(VLOOKUP(C4, Merchants!$A$2:$D$41, 3, FALSE), "Merchant not found") | K4: =IFERROR(VLOOKUP(C4, Merchants!$A$2:$D$41, 4, FALSE), "Merchant not found") | L4: =HLOOKUP(F4, Fee_Tiers!$B$1:$E$2, 2, FALSE) | M4: =IF(AND(E4>5000, K4<>">East"), "High-Value Merchant Day", "Standard")
A5: TXN100003 | B5: 92 | C5: 22 | D5: 2026-01-29 13:01:00 | E5: 49 | F5: Netbanking | G5: captured | H5: 100 | I5: =IFERROR(VLOOKUP(C5, Merchants!$A$2:$D$41, 2, FALSE), "Merchant not found") | J5: =IFERROR(VLOOKUP(C5, Merchants!$A$2:$D$41, 3, FALSE), "Merchant not found") | K5: =IFERROR(VLOOKUP(C5, Merchants!$A$2:$D$41, 4, FALSE), "Merchant not found") | L5: =HLOOKUP(F5, Fee_Tiers!$B$1:$E$2, 2, FALSE) | M5: =IF(AND(E5>5000, K5<>">East"), "High-Value Merchant Day", "Standard")
A6: TXN100004 | B6: 343 | C6: 16 | D6: 2026-01-30 13:51:00 | E6: 99 | F6: UPI | G6: captured | H6: 34 | I6: =IFERROR(VLOOKUP(C6, Merchants!$A$2:$D$41, 2, FALSE), "Merchant not found") | J6: =IFERROR(VLOOKUP(C6, Merchants!$A$2:$D$41, 3, FALSE), "Merchant not found") | K6: =IFERROR(VLOOKUP(C6, Merchants!$A$2:$D$41, 4, FALSE), "Merchant not found") | L6: =HLOOKUP(F6, Fee_Tiers!$B$1:$E$2, 2, FALSE) | M6: =IF(AND(E6>5000, K6<>">East"), "High-Value Merchant Day", "Standard")
A7: TXN100005 | B7: 196 | C7: 3 | D7: 2026-01-06 22:06:00 | E7: 99 | F7: UPI | G7: captured | H7: 60 | I7: =IFERROR(VLOOKUP(C7, Merchants!$A$2:$D$41, 2, FALSE), "Merchant not found") | J7: =IFERROR(VLOOKUP(C7, Merchants!$A$2:$D$41, 3, FALSE), "Merchant not found") | K7: =IFERROR(VLOOKUP(C7, Merchants!$A$2:$D$41, 4, FALSE), "Merchant not found") | L7: =HLOOKUP(F7, Fee_Tiers!$B$1:$E$2, 2, FALSE) | M7: =IF(AND(E7>5000, K7<>">East"), "High-Value Merchant Day", "Standard")
A8: TXN100006 | B8: 236 | C8: 23 | D8: 2026-01-08 06:52:00 | E8: 99 | F8: Wallet | G8: captured | H8: 39 | I8: =IFERROR(VLOOKUP(C8, Merchants!$A$2:$D$41, 2, FALSE), "Merchant not found") | J8: =IFERROR(VLOOKUP(C8, Merchants!$A$2:$D$41, 3, FALSE), "Merchant not found") | K8: =IFERROR(VLOOKUP(C8, Merchants!$A$2:$D$41, 4, FALSE), "Merchant not found") | L8: =HLOOKUP(F8, Fee_Tiers!$B$1:$E$2, 2, FALSE) | M8: =IF(AND(E8>5000, K8<>">East"), "High-Value Merchant Day", "Standard")
A9: TXN100007 | B9: 13 | C9: 13 | D9: 2026-01-27 07:14:00 | E9: 99 | F9: UPI | G9: captured | H9: 51 | I9: =IFERROR(VLOOKUP(C9, Merchants!$A$2:$D$41, 2, FALSE), "Merchant not found") | J9: =IFERROR(VLOOKUP(C9, Merchants!$A$2:$D$41, 3, FALSE), "Merchant not found") | K9: =IFERROR(VLOOKUP(C9, Merchants!$A$2:$D$41, 4, FALSE), "Merchant not found") | L9: =HLOOKUP(F9, Fee_Tiers!$B$1:$E$2, 2, FALSE) | M9: =IF(AND(E9>5000, K9<>">East"), "High-Value Merchant Day", "Standard")
A10: TXN100008 | B10: 36 | C10: 18 | D10: 2026-01-11 08:55:00 | E10: 799 | F10: UPI | G10: captured | H10: 44 | I10: =IFERROR(VLOOKUP(C10, Merchants!$A$2:$D$41, 2, FALSE), "Merchant not found") | J10: =IFERROR(VLOOKUP(C10, Merchants!$A$2:$D$41, 3, FALSE), "Merchant not found") | K10: =IFERROR(VLOOKUP(C10, Merchants!$A$2:$D$41, 4, FALSE), "Merchant not found") | L10: =HLOOKUP(F10, Fee_Tiers!$B$1:$E$2, 2, FALSE) | M10: =IF(AND(E10>5000, K10<>">East"), "High-Value Merchant Day", "Standard")
A11: TXN100009 | B11: 348 | C11: 35 | D11: 2026-01-21 16:25:00 | E11: 299 | F11: UPI | G11: captured | H11: 42 | I11: =IFERROR(VLOOKUP(C11, Merchants!$A$2:$D$41, 2, FALSE), "Merchant not found") | J11: =IFERROR(VLOOKUP(C11, Merchants!$A$2:$D$41, 3, FALSE), "Merchant not found") | K11: =IFERROR(VLOOKUP(C11, Merchants!$A$2:$D$41, 4, FALSE), "Merchant not found") | L11: =HLOOKUP(F11, Fee_Tiers!$B$1:$E$2, 2, FALSE) | M11: =IF(AND(E11>5000, K11<>">East"), "High-Value Merchant Day", "Standard")
A12: TXN100010 | B12: 134 | C12: 12 | D12: 2026-01-01 03:56:00 | E12: 49 | F12: UPI | G12: captured | H12: 74 | I12: =IFERROR(VLOOKUP(C12, Merchants!$A$2:$D$41, 2, FALSE), "Merchant not found") | J12: =IFERROR(VLOOKUP(C12, Merchants!$A$2:$D$41, 3, FALSE), "Merchant not found") | K12: =IFERROR(VLOOKUP(C12, Merchants!$A$2:$D$41, 4, FALSE), "Merchant not found") | L12: =HLOOKUP(F12, Fee_Tiers!$B$1:$E$2, 2, FALSE) | M12: =IF(AND(E12>5000, K12<>">East"), "High-Value Merchant Day", "Standard")
A13: TXN100011 | B13: 306 | C13: 28 | D13: 2026-01-09 01:06:00 | E13: 2999 | F13: Card | G13: failed | H13: 44 | I13: =IFERROR(VLOOKUP(C13, Merchants!$A$2:$D$41, 2, FALSE), "Merchant not found") | J13: =IFERROR(VLOOKUP(C13, Merchants!$A$2:$D$41, 3, FALSE), "Merchant not found") | K13: =IFERROR(VLOOKUP(C13, Merchants!$A$2:$D$41, 4, FALSE), "Merchant not found") | L13: =HLOOKUP(F13, Fee_Tiers!$B$1:$E$2, 2, FALSE) | M13: =IF(AND(E13>5000, K13<>">East"), "High-Value Merchant Day", "Standard")
... A548: TXN300031 | B548: 345 | C548: 12 | D548: 2026-01-23 09:03:00 | E548: 399 | F548: Card | G548: captured | H548: 69 | I548: =IFERROR(VLOOKUP(C548, Merchants!$A$2:$D$41, 2, FALSE), "Merchant not found") | J548: =IFERROR(VLOOKUP(C548, Merchants!$A$2:$D$41, 3, FALSE), "Merchant not found") | K548: =IFERROR(VLOOKUP(C548, Merchants!$A$2:$D$41, 4, FALSE), "Merchant not found") | L548: =HLOOKUP(F548, Fee_Tiers!$B$1:$E$2, 2, FALSE) | M548: =IF(AND(E548>5000, K548<>">East"), "High-Value Merchant Day", "Standard")

Sheet Pivot_Summary
A1: --- Pivot: Total Amount and Count by Merchant ID & Status ---
A2: merchant_id | B2: status | C2: total_amount_inr | D2: txn_count
A3: 1 | B3: captured | C3: 10142 | D3: 8
A4: 1 | B4: failed | C4: 299 | D4: 1
A5: 2 | B5: captured | C5: 3640 | D5: 10
A6: 3 | B6: captured | C6: 8084 | D6: 16
A7: 3 | B7: chargeback | C7: 149 | D7: 1
A8: 4 | B8: captured | C8: 6941 | D8: 9
A9: 5 | B9: captured | C9: 5340 | D9: 10
A10: 5 | B10: failed | C10: 499 | D10: 1
A11: 6 | B11: captured | C11: 6637 | D11: 13
A12: 6 | B12: chargeback | C12: 799 | D12: 1
A13: 7 | B13: captured | C13: 11638 | D13: 12
A14: 7 | B14: chargeback | C14: 1999 | D14: 1
... A93: 40 | B93: failed | C93: 548 | D93: 2
A95: --- Count vs Count-Unique (Active Transacted Days) ---
A96: merchant_id | B96: total_transactions | C96: unique_transacted_days
A97: 1 | B97: 9 | C97: 7
A98: 2 | B98: 10 | C98: 9
A99: 3 | B99: 17 | C99: 13
A100: 4 | B100: 9 | C100: 7
A101: 5 | B101: 11 | C101: 9
A102: 6 | B102: 14 | C102: 12
A103: 7 | B103: 16 | C103: 11
A104: 8 | B104: 16 | C104: 13
A105: 9 | B105: 18 | C105: 14
A106: 10 | B106: 14 | C106: 12
